_id,name,description,requirements.min_friends,requirements.min_messages_sent,requirements.min_unique_senders,requirements.min_events_participated,requirements.min_events_organized,requirements.min_comments,requirements.min_unique_event_locations,requirements.min_confirmed_transactions,requirements.min_total_transactions,requirements.min_unique_event_friends,requirements.min_unique_chat_users,requirements.min_unique_created_event_locations,requirements.min_rated_comments,requirements.min_event_participants,requirements.min_shared_events_with_friend,requirements.min_unique_restaurant_locations,requirements.min_unique_city_locations,requirements.user_id_less_than,requirements.min_comments_on_own_event
6807807334750aba0668f992,Sociable,You have added at least 5 friends.,5,,,,,,,,,,,,,,,,,,
6807807334750aba0668f993,Extroverted,You have more than 10 friends.,10,,,,,,,,,,,,,,,,,,
6807807334750aba0668f994,First Message,You have sent your first message.,,1,,,,,,,,,,,,,,,,,
6807807334750aba0668f995,Chatty,You have sent at least 20 messages.,,20,,,,,,,,,,,,,,,,,
6807807334750aba0668f996,Popular,You've received messages from at least 5 different users.,,,5,,,,,,,,,,,,,,,,
6807807334750aba0668f997,Event Explorer,You've participated in at least 3 events.,,,,3,,,,,,,,,,,,,,,
6807807334750aba0668f998,Rookie Organizer,You've organized your first event.,,,,,1,,,,,,,,,,,,,,
6807807334750aba0668f999,Master Organizer,You've organized at least 5 events.,,,,,5,,,,,,,,,,,,,,
6807807334750aba0668f99a,Food Critic,You’ve written 5 comments.,,,,,,5,,,,,,,,,,,,,
6807807334750aba0668f99b,Top Commentator,You've written 20 comments.,,,,,,20,,,,,,,,,,,,,
6807807334750aba0668f99c,Traveler,You’ve attended events in 3 different locations.,,,,,,,3,,,,,,,,,,,,
6807807334750aba0668f99d,Frequent Buyer,You've completed 2 successful transactions.,,,,,,,,2,,,,,,,,,,,
6807807334750aba0668f99e,Habitual Shopper,You've made at least 10 transactions.,,,,,,,,,10,,,,,,,,,,
6807807334750aba0668f99f,Loyal Companion,You've attended events with 5 different friends.,,,,,,,,,,5,,,,,,,,,
6807807334750aba0668f9a0,Crossed Conversations,You've chatted with at least 10 different users.,,,,,,,,,,,10,,,,,,,,
6807807334750aba0668f9a1,Message Marathon,You've sent 100 messages.,,100,,,,,,,,,,,,,,,,,
6807807334750aba0668f9a2,Globally Connected,You've added events in 5 different locations.,,,,,,,,,,,,5,,,,,,,
6807807334750aba0668f9a3,Feedback Lover,You've rated 10 events.,,,,,,,,,,,,,10,,,,,,
6807807334750aba0668f9a4,Social Planner,You've organized events with more than 10 participants.,,,,,,,,,,,,,,10,,,,,
6807807334750aba0668f9a5,Lasting Friendship,You have a friend with whom you shared 5 events.,,,,,,,,,,,,,,,5,,,,
6807807334750aba0668f9a6,Gourmet Visitor,You've been to 3 different restaurants.,,,,,,,,,,,,,,,,3,,,
6807807334750aba0668f9a7,Global Citizen,You've attended events in 3 different cities.,,,,,,,,,,,,,,,,,3,,
6807807334750aba0668f9a8,Early Adopter,You were one of the first 100 registered users.,,,,,,,,,,,,,,,,,,100,
6807807334750aba0668f9a9,First Purchase,You've made your first transaction.,,,,,,,,,1,,,,,,,,,,
6807807334750aba0668f9aa,Star Event,An event you organized received more than 10 comments.,,,,,,,,,,,,,,,,,,,10
