[{
  "_id": {
    "$oid": "6807807334750aba0668f992"
  },
  "name": "Sociable",
  "description": "You have added at least 5 friends.",
  "requirements": {
    "min_friends": "5"
  }
},
{
  "_id": {
    "$oid": "6807807334750aba0668f993"
  },
  "name": "Extroverted",
  "description": "You have more than 10 friends.",
  "requirements": {
    "min_friends": "10"
  }
},
{
  "_id": {
    "$oid": "6807807334750aba0668f994"
  },
  "name": "First Message",
  "description": "You have sent your first message.",
  "requirements": {
    "min_messages_sent": "1"
  }
},
{
  "_id": {
    "$oid": "6807807334750aba0668f995"
  },
  "name": "Chatty",
  "description": "You have sent at least 20 messages.",
  "requirements": {
    "min_messages_sent": "20"
  }
},
{
  "_id": {
    "$oid": "6807807334750aba0668f996"
  },
  "name": "Popular",
  "description": "You've received messages from at least 5 different users.",
  "requirements": {
    "min_unique_senders": "5"
  }
},
{
  "_id": {
    "$oid": "6807807334750aba0668f997"
  },
  "name": "Event Explorer",
  "description": "You've participated in at least 3 events.",
  "requirements": {
    "min_events_participated": "3"
  }
},
{
  "_id": {
    "$oid": "6807807334750aba0668f998"
  },
  "name": "Rookie Organizer",
  "description": "You've organized your first event.",
  "requirements": {
    "min_events_organized": "1"
  }
},
{
  "_id": {
    "$oid": "6807807334750aba0668f999"
  },
  "name": "Master Organizer",
  "description": "You've organized at least 5 events.",
  "requirements": {
    "min_events_organized": "5"
  }
},
{
  "_id": {
    "$oid": "6807807334750aba0668f99a"
  },
  "name": "Food Critic",
  "description": "You’ve written 5 comments.",
  "requirements": {
    "min_comments": "5"
  }
},
{
  "_id": {
    "$oid": "6807807334750aba0668f99b"
  },
  "name": "Top Commentator",
  "description": "You've written 20 comments.",
  "requirements": {
    "min_comments": "20"
  }
},
{
  "_id": {
    "$oid": "6807807334750aba0668f99c"
  },
  "name": "Traveler",
  "description": "You’ve attended events in 3 different locations.",
  "requirements": {
    "min_unique_event_locations": "3"
  }
},
{
  "_id": {
    "$oid": "6807807334750aba0668f99d"
  },
  "name": "Frequent Buyer",
  "description": "You've completed 2 successful transactions.",
  "requirements": {
    "min_confirmed_transactions": "2"
  }
},
{
  "_id": {
    "$oid": "6807807334750aba0668f99e"
  },
  "name": "Habitual Shopper",
  "description": "You've made at least 10 transactions.",
  "requirements": {
    "min_total_transactions": "10"
  }
},
{
  "_id": {
    "$oid": "6807807334750aba0668f99f"
  },
  "name": "Loyal Companion",
  "description": "You've attended events with 5 different friends.",
  "requirements": {
    "min_unique_event_friends": "5"
  }
},
{
  "_id": {
    "$oid": "6807807334750aba0668f9a0"
  },
  "name": "Crossed Conversations",
  "description": "You've chatted with at least 10 different users.",
  "requirements": {
    "min_unique_chat_users": "10"
  }
},
{
  "_id": {
    "$oid": "6807807334750aba0668f9a1"
  },
  "name": "Message Marathon",
  "description": "You've sent 100 messages.",
  "requirements": {
    "min_messages_sent": "100"
  }
},
{
  "_id": {
    "$oid": "6807807334750aba0668f9a2"
  },
  "name": "Globally Connected",
  "description": "You've added events in 5 different locations.",
  "requirements": {
    "min_unique_created_event_locations": "5"
  }
},
{
  "_id": {
    "$oid": "6807807334750aba0668f9a3"
  },
  "name": "Feedback Lover",
  "description": "You've rated 10 events.",
  "requirements": {
    "min_rated_comments": "10"
  }
},
{
  "_id": {
    "$oid": "6807807334750aba0668f9a4"
  },
  "name": "Social Planner",
  "description": "You've organized events with more than 10 participants.",
  "requirements": {
    "min_event_participants": "10"
  }
},
{
  "_id": {
    "$oid": "6807807334750aba0668f9a5"
  },
  "name": "Lasting Friendship",
  "description": "You have a friend with whom you shared 5 events.",
  "requirements": {
    "min_shared_events_with_friend": "5"
  }
},
{
  "_id": {
    "$oid": "6807807334750aba0668f9a6"
  },
  "name": "Gourmet Visitor",
  "description": "You've been to 3 different restaurants.",
  "requirements": {
    "min_unique_restaurant_locations": "3"
  }
},
{
  "_id": {
    "$oid": "6807807334750aba0668f9a7"
  },
  "name": "Global Citizen",
  "description": "You've attended events in 3 different cities.",
  "requirements": {
    "min_unique_city_locations": "3"
  }
},
{
  "_id": {
    "$oid": "6807807334750aba0668f9a8"
  },
  "name": "Early Adopter",
  "description": "You were one of the first 100 registered users.",
  "requirements": {
    "user_id_less_than": "100"
  }
},
{
  "_id": {
    "$oid": "6807807334750aba0668f9a9"
  },
  "name": "First Purchase",
  "description": "You've made your first transaction.",
  "requirements": {
    "min_total_transactions": "1"
  }
},
{
  "_id": {
    "$oid": "6807807334750aba0668f9aa"
  },
  "name": "Star Event",
  "description": "An event you organized received more than 10 comments.",
  "requirements": {
    "min_comments_on_own_event": "10"
  }
}]